id;calendar_provider;external_event_id;calendar_link;created_at;updated_at
1;worth;penalise reorganize actualise;as fillet;2025-05-06T07:28:42;2025-05-06T05:05:38
2;statin ugh;hybridization;without;2025-05-06T14:19:27;2025-05-06T02:16:32
3;ick and uh-huh;inquisitively wholesaler;lout why meanwhile;2025-05-06T16:19:53;2025-05-06T05:24:30
4;automatic;drat memorable;meanwhile supposing;2025-05-06T12:23:23;2025-05-05T21:39:52
5;hmph geez;journey officially downfall;like;2025-05-06T03:55:36;2025-05-06T14:45:29
6;how;yippee;mourn around;2025-05-05T22:12:32;2025-05-06T17:57:27
7;out;incidentally vide;freak;2025-05-06T05:15:14;2025-05-06T13:53:59
8;expert yahoo fortunately;robe;partial concerning over;2025-05-06T06:29:10;2025-05-06T10:43:53
9;decrypt instill notwithstanding;once lean;primary mmm;2025-05-05T22:11:28;2025-05-06T09:12:43
10;ecology fooey;how;oof that marble;2025-05-06T14:30:53;2025-05-06T17:29:23
