id;tenant_id;first_name;last_name;email;phone;age_group;relationship;special_requirements;registration_status;check_in_status;check_in_time;created_at;updated_at;primary_attendee_id
1;pfft intelligent grenade;Henriette;Carroll;Otis_Hermann@hotmail.com;(890) 329-2027 x539;cool hastily;greatly;risk;wavy;astrolabe aboard;2025-06-03T03:37:52;2025-06-02T17:42:21;2025-06-02T22:48:30;1
2;clean meanwhile;Vivian;Schuster;Marian_Parisian@yahoo.com;1-244-250-4546 x8096;whenever;mundane below;among;indeed yowza;unlawful mid;2025-06-02T11:11:23;2025-06-02T14:28:17;2025-06-03T02:40:03;2
3;mechanically gadzooks oof;Magdalena;Grady;Peggie66@hotmail.com;206.370.7267 x4113;tensely;authorization;who rapid;following garb;ultimately first;2025-06-02T08:07:22;2025-06-02T15:04:07;2025-06-02T15:32:02;3
4;honeybee spike;Rosalia;Bins;Carole89@hotmail.com;662.566.0816 x8758;onto catsup scale;fedelini;even;defiant;neutralize triangle;2025-06-02T21:42:11;2025-06-02T21:16:45;2025-06-02T18:21:52;4
5;chair tense;Leta;Hilpert;Marisa.Rowe@hotmail.com;961-597-0228 x341;broken;arrogantly;yuck tough;round woot thunderstorm;regarding;2025-06-02T22:38:53;2025-06-02T15:45:37;2025-06-03T01:13:25;5
6;telemeter eventually if;Jalon;Murazik;Cory.Wolff85@yahoo.com;554-429-8432 x257;in well-lit;a;forenenst professionalise;democratize lab;although;2025-06-03T04:50:25;2025-06-03T01:15:40;2025-06-02T10:41:18;6
7;per wing;Damien;Hessel;Eugenia_Rosenbaum69@yahoo.com;(990) 437-3834;portion dethrone cry;onto throughout;with although coverage;wet;hmph;2025-06-02T16:44:22;2025-06-02T14:50:46;2025-06-02T11:45:57;7
8;idolise slowly;Chelsey;Schuster;Ramona_Connelly@yahoo.com;499.872.0724 x96739;what aw mmm;ah;than indeed towards;lest;individuate muffin irritably;2025-06-02T23:02:14;2025-06-02T21:25:50;2025-06-02T06:44:16;8
9;strengthen;Burley;Harber;Abigail24@yahoo.com;(463) 986-7750 x04866;brightly before blur;farm;regular wet;hypnotise inside ha;object vivaciously;2025-06-03T04:35:29;2025-06-03T02:23:59;2025-06-02T09:33:45;9
10;anenst;Alvah;Kilback;Abdiel_Schulist@gmail.com;(524) 908-8867 x91899;ha;rotating finally;if carefree;zowie blah;furthermore dog;2025-06-03T03:38:03;2025-06-03T01:27:36;2025-06-02T08:35:43;10
