id;tenant_id;option_text;created_at;updated_at
1;that notion embellished;for top coach;2025-05-30T14:01:41;2025-05-29T19:57:27
2;sneer unsung while;whoever ah failing;2025-05-30T01:56:59;2025-05-29T21:18:09
3;without;prostanoid;2025-05-30T04:01:15;2025-05-30T13:37:17
4;whoa zowie mad;since unsightly spry;2025-05-29T16:05:16;2025-05-29T18:13:33
5;unwieldy coliseum;fooey gran meanwhile;2025-05-30T08:08:15;2025-05-30T09:56:16
6;er versus fray;because before finalise;2025-05-29T20:13:19;2025-05-29T21:02:09
7;pressurise offbeat;periodic furthermore degenerate;2025-05-30T12:49:33;2025-05-30T06:15:04
8;busily yahoo tenderize;hightail;2025-05-30T08:20:15;2025-05-29T22:24:44
9;movie;wonderfully healthy;2025-05-29T17:28:54;2025-05-29T16:24:04
10;with bah;excepting eek what;2025-05-29T18:56:42;2025-05-29T18:53:34
