id;tenant_id;calendar_provider;external_event_id;calendar_link;created_at;updated_at
1;whenever anti oh;whether west distrust;outside and;regarding;2025-05-29T16:28:45;2025-05-29T21:55:20
2;when;apropos and;toward rat blare;appetizer;2025-05-29T20:45:09;2025-05-30T02:10:45
3;across;far waiter;next;wetly shrilly inexperienced;2025-05-30T10:52:13;2025-05-29T21:42:06
4;quickly ha mumbling;hit;till;disk ugh until;2025-05-29T22:06:27;2025-05-29T19:39:57
5;in aha mechanically;drat fooey;coruscate while;encase down wherever;2025-05-30T13:28:44;2025-05-30T05:14:42
6;network whoa whoever;forget notable;noisily damp whenever;vivacious deliberately;2025-05-29T23:26:14;2025-05-29T18:27:55
7;quickly;or;clearly;suddenly seagull acidly;2025-05-30T06:00:59;2025-05-29T18:07:10
8;briskly hitch;obnoxiously gah strong;quickly giddy yesterday;perfectly notwithstanding;2025-05-30T10:39:06;2025-05-30T11:30:31
9;solidly slowly;who;but;beautifully circa kindhearted;2025-05-30T00:07:06;2025-05-29T20:03:56
10;following;straggle unimpressively;mechanically snicker jealously;kindhearted forthright;2025-05-30T08:10:38;2025-05-29T19:20:46
