id;name;description;created_at;updated_at
1;neatly;wet;2025-05-06T18:43:47;2025-05-06T00:57:22
2;until meh;funnel boohoo;2025-05-05T20:38:29;2025-05-06T16:04:52
3;sanity prey frequent;excitedly worth indeed;2025-05-06T06:38:32;2025-05-06T07:32:31
4;but;meanwhile;2025-05-06T01:09:28;2025-05-05T23:30:26
5;surroundings buoy;helpfully cooked;2025-05-06T12:10:38;2025-05-06T13:15:21
6;vice transition;ransack;2025-05-06T15:13:15;2025-05-06T15:48:40
7;majestically lunge despite;prime through;2025-05-06T17:34:46;2025-05-06T01:22:19
8;earmuffs;broadly;2025-05-06T07:42:00;2025-05-06T15:57:17
9;ha junket tremendously;reproduce humidity;2025-05-06T04:11:23;2025-05-06T02:06:34
10;pfft furthermore;respectful blah instantly;2025-05-06T00:10:18;2025-05-06T11:51:13
