id;tenant_id;title;designation;contact_email;contact_phone;is_primary;created_at;updated_at
1;amongst knowledgeably;ack worth;waterlogged a finally;disassociate helpfully scarce;gah qua ick;false;2025-05-06T03:11:43;2025-05-06T09:31:49
2;between;oddly unimpressively;nicely abaft;sled blab;up abaft;false;2025-05-06T02:53:05;2025-05-06T13:40:16
3;chassis;excepting consequently amongst;packet since spectacular;seldom pfft handy;drat;false;2025-05-06T08:01:45;2025-05-06T05:32:40
4;phew indeed polite;although;elver;coaxingly whether tributary;boohoo peppery;false;2025-05-06T04:21:29;2025-05-06T18:54:18
5;willingness;ick handover;bun;petty why;sake;true;2025-05-06T15:14:47;2025-05-06T13:42:43
6;impish whoever;geez hen;mostly;drat brr;slight forenenst blah;true;2025-05-06T19:17:42;2025-05-06T18:13:05
7;happily;gee obnoxiously qua;certainly dame;in;so whoever;true;2025-05-06T10:21:05;2025-05-05T23:44:50
8;who evil;distinction asterisk;huzzah payoff the;thankfully after;woot minus;false;2025-05-06T16:43:54;2025-05-06T06:42:08
9;halloo eek;meh;principal above miserably;duh against;yummy footstool taper;false;2025-05-06T03:49:30;2025-05-06T15:03:59
10;limply little;modulo afore;slumber documentary adult;but gentleman;opposite though;false;2025-05-06T12:47:12;2025-05-06T03:52:44
