id;tenant_id;action;table_name;record_id;changes;created_at
1;thoroughly;gussy gee tenderly;revolt antique;dog noisily ack;../fake-data/blob/hipster.txt;2025-05-30T10:40:09
2;gadzooks ultimately;pepperoni next times;fallacy faithfully;for;../fake-data/blob/hipster.txt;2025-05-29T17:36:11
3;fully;veg sharp hormone;snow;once remarkable;../fake-data/blob/hipster.txt;2025-05-30T12:42:06
4;cheese ew juicy;needily yuck tear;obfuscate although;however granddaughter;../fake-data/blob/hipster.txt;2025-05-30T03:49:59
5;afraid warmly than;rifle barring;er versus;gosh pace until;../fake-data/blob/hipster.txt;2025-05-29T21:48:47
6;ziggurat last;quarrelsomely an;ack;supposing;../fake-data/blob/hipster.txt;2025-05-29T20:23:07
7;rural;lark;psychiatrist and;woot;../fake-data/blob/hipster.txt;2025-05-29T22:10:27
8;shuck snowplow mmm;dimly;flume;athwart encroach irritably;../fake-data/blob/hipster.txt;2025-05-29T16:32:51
9;grant forceful wearily;ick cleanse scrawl;ah educated;repentant invitation;../fake-data/blob/hipster.txt;2025-05-29T22:41:25
10;across ashamed;irradiate avow;a;stitcher jolly curiously;../fake-data/blob/hipster.txt;2025-05-29T19:26:10
