id;title;description;media_type;storage_type;file_url;file_data;file_data_content_type;content_type;file_size;is_public;created_at;updated_at
1;prudent whoa instantly;perp while;alongside overconfidently bitter;for;remorseful solidify determined;../fake-data/blob/hipster.png;image/png;woot politely what;5670;false;2025-05-05T23:42:14;2025-05-06T01:38:27
2;through noisily;crossly without;chef outside though;per frenetically;beyond;../fake-data/blob/hipster.png;image/png;protein donate approach;9094;true;2025-05-06T06:50:28;2025-05-06T16:14:46
3;anxiously;hm whether;peak of tag;drat rabbit;upward cabin;../fake-data/blob/hipster.png;image/png;twist migrate unaccountably;7171;false;2025-05-06T05:22:43;2025-05-06T08:34:17
4;zowie;deeply hm;purple oof sting;file tense;before step-aunt upon;../fake-data/blob/hipster.png;image/png;serial save;32410;false;2025-05-06T05:32:11;2025-05-06T13:38:06
5;before hm forked;vastly hush emergent;diligent;sometimes;underneath;../fake-data/blob/hipster.png;image/png;inasmuch until phooey;2724;false;2025-05-06T17:10:06;2025-05-06T07:19:33
6;than encompass;slimy fossilise;manager through;verbally caravan finally;loudly suit psst;../fake-data/blob/hipster.png;image/png;supportive coordinated restfully;26571;true;2025-05-06T03:04:26;2025-05-06T10:47:46
7;yahoo;um;deficient;appliance commuter buzzing;ick gong ha;../fake-data/blob/hipster.png;image/png;gah until and;29642;true;2025-05-06T09:12:12;2025-05-06T18:42:11
8;among;fooey icky spattering;why;oh excepting amidst;ha;../fake-data/blob/hipster.png;image/png;woefully diabetes ew;22080;true;2025-05-05T22:24:10;2025-05-06T15:27:35
9;seizure;closely blah;catalyst unlike;woot inasmuch ton;politely;../fake-data/blob/hipster.png;image/png;embarrassed roger;10562;false;2025-05-05T22:35:19;2025-05-06T09:36:25
10;beneath;ugh lag;yahoo watch consequently;drawing;prance;../fake-data/blob/hipster.png;image/png;as dimly potentially;32577;true;2025-05-06T12:46:06;2025-05-06T01:06:44
