id;tenant_id;user_id;first_name;last_name;email;phone;address_line_1;address_line_2;city;state;zip_code;country;notes;family_name;city_town;district;educational_institution;profile_image_url;created_at;updated_at
1;competent each egg;fumble crusader;Frankie;Braun;Isobel.MacGyver62@hotmail.com;1-510-706-4639 x4134;reluctantly consequently occasional;adored;The Villages;exotic blood;25596;Guyana;flail enzyme round;blissfully;unto aside;powerless youthfully how;detailed upwardly among;generally;2025-04-22T00:32:56;2025-04-22T03:42:49
2;thrash unabashedly phooey;unused huzzah;Nia;Runolfsson-Farrell;Cullen_Sipes@gmail.com;633-231-7881 x148;sweetly;minus ouch;Fort Ericka;anenst aha;68010;Tunisia;supposing provider;fuse gun;where brr;ultimately writhing brr;politely wearily ah;real opposite indelible;2025-04-22T03:46:08;2025-04-22T05:37:12
3;gee that;without abnormally helpfully;Pasquale;Wiza;Rodrigo27@gmail.com;323-801-7829 x228;finally;airbus fee;Rosiehaven;dangerous;39269;Morocco;wonderfully outlast everlasting;mention per phooey;idealistic needy consequently;afterwards retest;rancher;across;2025-04-21T22:52:40;2025-04-22T19:12:56
4;clap;apropos;Aryanna;Koss;Elouise.Russel23@hotmail.com;(540) 340-4146;grid;underplay;Rockford;after careless rotating;25854-8684;Tonga;fitting afore chef;righteously hygienic;submissive;blush;delirious yuck;collagen;2025-04-21T20:26:45;2025-04-22T10:39:55
5;rarely;glamorize scarily;Kaycee;Price;Augustine33@gmail.com;1-256-696-4414 x0806;aside fancy damaged;posh;Maple Grove;overheard;45595;Romania;after hmph;nimble;given on;bah;oof um weekly;door fooey;2025-04-22T00:34:04;2025-04-21T20:49:57
6;misrepresentation;once;Everardo;O'Kon;Royce.Howe33@gmail.com;964-231-2166 x78301;mostly see;hmph;Port Myafurt;kookily yowza before;24276-7585;Peru;shrilly because until;at highly;because;nectarine;instead honestly original;whirlwind;2025-04-22T13:46:34;2025-04-22T16:07:53
7;deceivingly wedding flail;bookend regale;Matteo;Ruecker;Sydnee.Bartoletti43@hotmail.com;(957) 761-9151 x935;versus psst blissfully;ew an nor;New Alyssontown;peach authorize;11404-9463;Lao People's Democratic Republic;ew;qua which;ha regular yowza;oval out;cheerfully not;instead ornate;2025-04-22T00:01:26;2025-04-22T06:46:38
8;because;unravel accordance;Keeley;Dooley;Orlando.Zieme19@gmail.com;799.330.1355 x5008;er jeer frightened;in ew whenever;Olsonboro;refloat whether trim;91987-5373;Fiji;elegant likewise museum;failing;across loudly marmalade;boohoo disavow;whirlpool;under aha;2025-04-22T16:57:22;2025-04-22T08:53:34
9;peter mysteriously;knitting but behind;Kelsie;Miller;Kristofer.Stiedemann@yahoo.com;400-356-8505 x474;phase;whereas partially physical;South Alejandratown;mime gee;85172;Cayman Islands;stamina;rowdy;spy than;across zowie psst;wobble hm lieutenant;while;2025-04-22T01:44:52;2025-04-22T14:32:49
10;ferociously mediocre highball;respect;Mercedes;Ryan;Beatrice_Marvin@gmail.com;(888) 355-3994;tambour calendar;roger alongside furthermore;Lorain;adventurously shakily;96743-7629;Sint Maarten;while obvious unfit;sleepily powerfully whoa;pfft;so discourage upon;concerning athwart boohoo;since back;2025-04-22T07:14:11;2025-04-22T04:50:43
